shot_id,start,end,duration,rms_mean,rms_std,silence_ratio,frame_path,hue_mean,hue_var,sat_mean,sat_var,flow_mag_mean
0,0.0,1.75175,1.75175,0.0017495922511443496,0.00048256898298859596,0.0,../data/frames/snipp_000_0.876.jpg,21.8912104381335,1936.5084868567187,238.767619833283,1224.744805420527,0.11638566106557846
1,1.75175,5.588916666666666,3.837166666666666,0.005665590986609459,0.007731347810477018,0.0,../data/frames/snipp_001_3.670.jpg,23.56754218769595,1407.6011918497597,211.0357134347314,3356.8888725670104,0.6385260820388794
2,5.588916666666666,13.930583333333333,8.341666666666667,0.004374210722744465,0.0075826640240848064,0.6138888888888889,../data/frames/snipp_002_9.760.jpg,22.18003712718408,2100.717640048088,238.76387028358346,1240.4417699317817,0.09865262359380722
3,13.930583333333333,15.5155,1.5849166666666665,0.001277212635613978,0.0012423184234648943,0.7391304347826086,../data/frames/snipp_003_14.723.jpg,23.38819459878789,1722.8569621212318,213.31226841856858,2809.7959783849956,0.021381821483373642
4,15.5155,31.489791666666665,15.974291666666666,0.025763291865587234,0.050066109746694565,0.5276162790697675,../data/frames/snipp_004_23.503.jpg,30.68631748756343,2922.6319364785013,242.69769131236262,1219.7876729763125,0.2392544150352478
5,31.489791666666665,40.24854166666666,8.758749999999996,0.07311949878931046,0.04992983117699623,0.0,../data/frames/snipp_005_35.869.jpg,55.08330582600638,3232.4453359930153,127.6826733166697,4829.40529720811,0.10289900004863739
6,40.24854166666666,60.310249999999996,20.061708333333335,0.0617489293217659,0.03173550218343735,0.0,../data/frames/snipp_006_50.279.jpg,35.43657075047216,2547.3600138583793,175.8369740643393,4004.204314979035,0.21118885278701782
